{"cym": {"bpe": {"accuracy": 0.7326127819548872, "f1": 0.7099772294787218}, "affix": {"accuracy": 0.7293233082706767, "f1": 0.7139165374948432}, "affix_bpe_bootstrap": {"accuracy": [0.6420715856828634, [-0.022556390977443663, 0.016917293233082664]], "f1": [0.3685262947410518, [-0.012008862446236224, 0.021681420962062936]]}}, "pei": {"bpe": {"accuracy": 0.39285714285714285, "f1": 0.37475288516969096}, "affix": {"accuracy": 0.5159774436090225, "f1": 0.49935864565651705}, "affix_bpe_bootstrap": {"accuracy": [0.0001999600079984003, [0.09915413533834588, 0.14661654135338342]], "f1": [0.0001999600079984003, [0.10354274723211687, 0.1461032065506641]]}}, "eus": {"bpe": {"accuracy": 0.09915413533834587, "f1": 0.06271443202767638}, "affix": {"accuracy": 0.2683270676691729, "f1": 0.19570600836694244}, "affix_bpe_bootstrap": {"accuracy": [0.0001999600079984003, [0.14896616541353386, 0.18843984962406013]], "f1": [0.0001999600079984003, [0.11178404514267556, 0.13852420141257965]]}}}