{"cym": {"bpe": {"accuracy": 0.7326127819548872, "f1": 0.709977229478722}, "affix": {"accuracy": 0.7293233082706767, "f1": 0.7139165374948431}, "affix_bpe_bootstrap": {"accuracy": [0.6420715856828634, [-0.022556390977443663, 0.016917293233082664]], "f1": [0.3685262947410518, [-0.012008862446236113, 0.021681420962062825]]}}, "pei": {"bpe": {"accuracy": 0.4322089947089947, "f1": 0.39741177736682665}, "affix": {"accuracy": 0.5178571428571429, "f1": 0.5003298518124127}, "affix_bpe_bootstrap": {"accuracy": [0.0001999600079984003, [0.06613756613756616, 0.10482804232804238]], "f1": [0.0001999600079984003, [0.08520433317115267, 0.12036628031276125]]}}, "eus": {"bpe": {"accuracy": 0.12452671434581405, "f1": 0.08398120860372314}, "affix": {"accuracy": 0.29575094657130835, "f1": 0.22366069381590628}, "affix_bpe_bootstrap": {"accuracy": [0.0001999600079984003, [0.15145140933950357, 0.19141775347076148]], "f1": [0.0001999600079984003, [0.11782105011184005, 0.14623276602597657]]}}}