{"cym": {"bpe_accuracy": {"perceptron": 0.7326127819548872, "multinomial": 0.7410714285714286}, "bpe_bootstrap": {"mn_pn_accuracy": [0.11577684463107378, [-0.005169172932330768, 0.022086466165413543]], "mn_pn_f1": [0.49250149970005996, [-0.013441783390290896, 0.014810957115693135]]}, "bpe_f1": {"perceptron": 0.709977229478722, "multinomial": 0.7104113051875268}, "affix_accuracy": {"perceptron": 0.7293233082706767, "multinomial": 0.7316729323308271}, "affix_bootstrap": {"mn_pn_accuracy": [0.33453309338132375, [-0.007988721804511267, 0.012687969924812026]], "mn_pn_f1": [0.35812837432513495, [-0.006714569407377802, 0.01037271505458981]]}, "affix_f1": {"perceptron": 0.7139165374948431, "multinomial": 0.715559694316618}}, "pei": {"bpe_accuracy": {"perceptron": 0.4322089947089947, "multinomial": 0.41633597883597884}, "bpe_bootstrap": {"mn_pn_accuracy": [0.9798040391921615, [-0.030753968253968256, -0.0009920634920634885]], "mn_pn_f1": [0.9726054789042191, [-0.029360248352393592, 0.00017364789526397306]]}, "bpe_f1": {"perceptron": 0.3974117773668268, "multinomial": 0.38283380040529824}, "affix_accuracy": {"perceptron": 0.5178571428571429, "multinomial": 0.5036375661375662}, "affix_bootstrap": {"mn_pn_accuracy": [0.9866026794641072, [-0.02711640211640204, -0.001322751322751392]], "mn_pn_f1": [0.9998000399920016, [-0.034757811126440996, -0.009863878237847234]]}, "affix_f1": {"perceptron": 0.5003298518124126, "multinomial": 0.47806633665940396}}, "eus": {"bpe_accuracy": {"perceptron": 0.12452671434581405, "multinomial": 0.15734118636937316}, "bpe_bootstrap": {"mn_pn_accuracy": [0.0003999200159968006, [0.01893142616743794, 0.047118216238956664]], "mn_pn_f1": [0.0001999600079984003, [0.010830288638909877, 0.030558623837081772]]}, "bpe_f1": {"perceptron": 0.08398120860372316, "multinomial": 0.10537488143905345}, "affix_accuracy": {"perceptron": 0.29575094657130835, "multinomial": 0.33908287757677746}, "affix_bootstrap": {"mn_pn_accuracy": [0.0001999600079984003, [0.02734539335296593, 0.05973916701724863]], "mn_pn_f1": [0.0001999600079984003, [0.021525721455931235, 0.04664263663592008]]}, "affix_f1": {"perceptron": 0.22366069381590628, "multinomial": 0.25850185038902485}}}