{"cym": {"bpe_accuracy": {"perceptron": 0.7326127819548872, "multinomial": 0.7410714285714286}, "bpe_bootstrap": {"mn_pn_accuracy": [0.11577684463107378, [-0.005169172932330768, 0.022086466165413543]], "mn_pn_f1": [0.49250149970005996, [-0.013441783390290785, 0.014810957115692913]]}, "bpe_f1": {"perceptron": 0.7099772294787218, "multinomial": 0.7104113051875268}, "affix_accuracy": {"perceptron": 0.7293233082706767, "multinomial": 0.7316729323308271}, "affix_bootstrap": {"mn_pn_accuracy": [0.33453309338132375, [-0.007988721804511267, 0.012687969924812026]], "mn_pn_f1": [0.35812837432513495, [-0.006714569407377469, 0.010372715054589698]]}, "affix_f1": {"perceptron": 0.7139165374948432, "multinomial": 0.7155596943166181}}, "pei": {"bpe_accuracy": {"perceptron": 0.39285714285714285, "multinomial": 0.4055451127819549}, "bpe_bootstrap": {"mn_pn_accuracy": [0.07438512297540492, [-0.0046992481203007586, 0.029605263157894746]], "mn_pn_f1": [0.03759248150369926, [-0.0018489573237056578, 0.0312574101951249]]}, "bpe_f1": {"perceptron": 0.37475288516969096, "multinomial": 0.38968611744432435}, "affix_accuracy": {"perceptron": 0.5159774436090225, "multinomial": 0.5070488721804511}, "affix_bootstrap": {"mn_pn_accuracy": [0.8842231553689263, [-0.023496240601503737, 0.006109022556390953]], "mn_pn_f1": [0.8348330333933214, [-0.020991924898940584, 0.0069569820667981785]]}, "affix_f1": {"perceptron": 0.49935864565651705, "multinomial": 0.492335182142492}}, "eus": {"bpe_accuracy": {"perceptron": 0.09915413533834587, "multinomial": 0.13204887218045114}, "bpe_bootstrap": {"mn_pn_accuracy": [0.0001999600079984003, [0.01926691729323307, 0.0469924812030075]], "mn_pn_f1": [0.0001999600079984003, [0.011418795036428786, 0.029395028598980064]]}, "bpe_f1": {"perceptron": 0.06271443202767638, "multinomial": 0.08243738587407261}, "affix_accuracy": {"perceptron": 0.2683270676691729, "multinomial": 0.3059210526315789}, "affix_bootstrap": {"mn_pn_accuracy": [0.0001999600079984003, [0.020676691729323293, 0.05451127819548873]], "mn_pn_f1": [0.0001999600079984003, [0.02223137937828451, 0.04694030390766349]]}, "affix_f1": {"perceptron": 0.19570600836694244, "multinomial": 0.23286555745397655}}}